<keymap version="1" name="Emacs (customized)" parent="Emacs">
  <action id="Back">
    <keyboard-shortcut first-keystroke="ctrl alt left" />
    <mouse-shortcut keystroke="button4" />
    <keyboard-shortcut first-keystroke="shift alt 8" />
  </action>
  <action id="CloseActiveTab">
    <keyboard-shortcut first-keystroke="shift ctrl f4" />
    <keyboard-shortcut first-keystroke="meta w" />
  </action>
  <action id="CloseContent">
    <keyboard-shortcut first-keystroke="ctrl f4" />
    <keyboard-shortcut first-keystroke="ctrl x" second-keystroke="k" />
    <keyboard-shortcut first-keystroke="ctrl x" second-keystroke="0" />
    <keyboard-shortcut first-keystroke="meta w" />
  </action>
  <action id="GotoDeclaration">
    <keyboard-shortcut first-keystroke="ctrl alt g" />
    <keyboard-shortcut first-keystroke="escape" second-keystroke="period" />
    <keyboard-shortcut first-keystroke="alt period" />
    <mouse-shortcut keystroke="meta button1" />
  </action>
  <action id="NextTab">
    <keyboard-shortcut first-keystroke="alt right" />
    <keyboard-shortcut first-keystroke="ctrl x" second-keystroke="n" />
    <keyboard-shortcut first-keystroke="ctrl tab" />
  </action>
  <action id="PreviousTab">
    <keyboard-shortcut first-keystroke="alt left" />
    <keyboard-shortcut first-keystroke="ctrl x" second-keystroke="p" />
    <keyboard-shortcut first-keystroke="shift ctrl tab" />
  </action>
</keymap>