<keymap version="1" name="Emacs copy" parent="Emacs">
  <action id="$Undo">
    <keyboard-shortcut first-keystroke="shift ctrl minus" />
    <keyboard-shortcut first-keystroke="ctrl slash" />
    <keyboard-shortcut first-keystroke="ctrl z" />
  </action>
  <action id="Back">
    <keyboard-shortcut first-keystroke="ctrl alt left" />
    <mouse-shortcut keystroke="button4" />
    <keyboard-shortcut first-keystroke="shift alt 8" />
  </action>
  <action id="CloseActiveTab">
    <keyboard-shortcut first-keystroke="shift ctrl f4" />
    <keyboard-shortcut first-keystroke="shift ctrl w" />
  </action>
  <action id="CloseContent">
    <keyboard-shortcut first-keystroke="ctrl f4" />
    <keyboard-shortcut first-keystroke="ctrl x" second-keystroke="k" />
    <keyboard-shortcut first-keystroke="ctrl x" second-keystroke="0" />
    <keyboard-shortcut first-keystroke="shift ctrl w" />
  </action>
  <action id="Editor Undo">
    <keyboard-shortcut first-keystroke="ctrl z" />
  </action>
  <action id="EditorMoveToPageBottom">
    <keyboard-shortcut first-keystroke="alt right" />
  </action>
  <action id="EditorMoveToPageTop">
    <keyboard-shortcut first-keystroke="alt left" />
  </action>
  <action id="EditorPageUp">
    <keyboard-shortcut first-keystroke="page_up" />
    <keyboard-shortcut first-keystroke="alt v" />
  </action>
  <action id="EditorUnSelectWord" />
  <action id="NextTab">
    <keyboard-shortcut first-keystroke="ctrl x" second-keystroke="n" />
    <keyboard-shortcut first-keystroke="ctrl page_down" />
    <keyboard-shortcut first-keystroke="ctrl tab" />
  </action>
  <action id="PreviousTab">
    <keyboard-shortcut first-keystroke="ctrl x" second-keystroke="p" />
    <keyboard-shortcut first-keystroke="ctrl page_up" />
    <keyboard-shortcut first-keystroke="shift ctrl tab" />
  </action>
  <action id="Replace">
    <keyboard-shortcut first-keystroke="shift alt 5" />
    <keyboard-shortcut first-keystroke="shift ctrl s" />
  </action>
  <action id="SaveAs" />
</keymap>